time_s,wavelength_nm,absorbance
0,200.0,0.0879222622857477
0,202.0066889632107,0.08324204855144675
0,204.0133779264214,0.0
0,206.02006688963212,0.0
0,208.0267558528428,0.21377458969115043
0,210.0334448160535,0.0
0,212.0401337792642,0.0
0,214.04682274247492,0.0
0,216.05351170568562,0.0
0,218.06020066889633,0.0
0,220.06688963210703,0.0
0,222.0735785953177,0.00847602967165046
0,224.08026755852842,0.038259467578798806
0,226.08695652173913,0.09897979863319517
0,228.09364548494983,0.04808273729490453
0,230.10033444816054,0.3164130609756442
0,232.10702341137124,0.10639648135485806
0,234.11371237458195,0.0
0,236.12040133779266,0.0
0,238.12709030100334,0.045591584766564566
0,240.13377926421404,0.09049033804862114
0,242.14046822742475,0.1916836564057498
0,244.14715719063545,0.03302265506543757
0,246.15384615384616,0.24892021352589616
0,248.16053511705684,0.1080372192007426
0,250.16722408026754,0.02606946410434034
0,252.17391304347825,0.010575570366726204
0,254.18060200668896,0.04627790713351724
0,256.18729096989966,0.0
0,258.19397993311037,0.31308559833777866
0,260.2006688963211,0.0837004233048538
0,262.2073578595318,0.0883999855582166
0,264.2140468227425,0.0
0,266.2207357859532,0.0
0,268.2274247491639,0.12645622230004833
0,270.23411371237455,0.0
0,272.2408026755853,0.08321487430390084
0,274.24749163879596,0.09687263905097626
0,276.25418060200667,0.07776508006101666
0,278.2608695652174,0.08987160578374248
0,280.2675585284281,0.0
0,282.2742474916388,0.061759681777229486
0,284.2809364548495,0.15945735396086422
0,286.2876254180602,0.1403253664542586
0,288.2943143812709,0.0
0,290.3010033444816,0.018571917137684225
0,292.3076923076923,0.08539903537884846
0,294.314381270903,0.039604875800470285
0,296.3210702341137,0.0
0,298.32775919732444,0.05369915181770813
0,300.3344481605351,0.0
0,302.34113712374585,0.025810054696280695
0,304.3478260869565,0.00980306647231817
0,306.3545150501672,0.0
0,308.3612040133779,0.03521903665089266
0,310.3678929765886,0.0
0,312.3745819397993,0.0994649730610841
0,314.38127090301003,0.009607469055923447
0,316.38795986622074,0.019748027859149992
0,318.39464882943145,0.10333320660419458
0,320.40133779264215,0.0
0,322.40802675585286,0.21674374206892405
0,324.41471571906357,0.0
0,326.4214046822742,0.0
0,328.428093645485,0.10736905917422726
0,330.4347826086956,0.013463137092116481
0,332.4414715719064,0.10262124275114044
0,334.44816053511704,0.2002858288186664
0,336.45484949832775,0.01155463990494359
0,338.46153846153845,0.0
0,340.46822742474916,0.10850137734360756
0,342.47491638795987,0.16127903545689848
0,344.4816053511706,0.0
0,346.4882943143813,0.1046669128076774
0,348.494983277592,0.0
0,350.5016722408027,0.14276363559996652
0,352.50836120401334,0.10059383792338161
0,354.5150501672241,0.0
0,356.52173913043475,0.2535631242354941
0,358.5284280936455,0.0
0,360.53511705685617,0.09416142555315182
0,362.54180602006693,0.09916463827159294
0,364.5484949832776,0.05919891325406261
0,366.5551839464883,0.09293898698435729
0,368.561872909699,0.0
0,370.5685618729097,0.0
0,372.5752508361204,0.11883499098226318
0,374.5819397993311,0.010930658493132274
0,376.5886287625418,0.1482134117339402
0,378.59531772575247,0.04601553122793597
0,380.60200668896323,0.0
0,382.6086956521739,0.16368240288056365
0,384.61538461538464,0.0362820333633478
0,386.6220735785953,0.22083718242017403
0,388.62876254180605,0.021717070234116415
0,390.6354515050167,0.251979450890444
0,392.6421404682274,0.12423952664030502
0,394.6488294314381,0.0
0,396.6555183946488,0.0
0,398.66220735785953,0.03901822930324488
0,400.66889632107024,0.07648381302985119
0,402.67558528428094,0.0
0,404.68227424749165,0.2156600302733493
0,406.68896321070235,0.2026018430183057
0,408.695652173913,0.20438530585713016
0,410.70234113712377,0.15033345443187945
0,412.7090301003344,0.1698566766737885
0,414.7157190635452,0.0
0,416.72240802675583,0.129301179356992
0,418.7290969899666,0.29107699359844685
0,420.73578595317724,0.07283459404101997
0,422.74247491638795,0.04965771470205697
0,424.74916387959865,0.0
0,426.75585284280936,0.16881370654677263
0,428.76254180602007,0.0
0,430.7692307692308,0.08782286501484804
0,432.7759197324415,0.0
0,434.7826086956522,0.0
0,436.7892976588629,0.0
0,438.79598662207354,0.0
0,440.8026755852843,0.10589782676372991
0,442.80936454849495,0.0
0,444.8160535117057,0.14080393082260328
0,446.82274247491637,0.00929494455250842
0,448.82943143812713,0.0
0,450.8361204013378,0.0
0,452.8428093645485,0.16340560873551405
0,454.8494983277592,0.17503713855472636
0,456.8561872909699,0.06524801863710748
0,458.8628762541806,0.0
0,460.8695652173913,0.08990468793994982
0,462.876254180602,0.07158570475000911
0,464.8829431438127,0.0
0,466.88963210702343,0.0
0,468.89632107023414,0.16176131557990947
0,470.90301003344484,0.15057455880590054
0,472.9096989966555,0.022973988632142364
0,474.9163879598662,0.20450401104844573
0,476.9230769230769,0.0
0,478.9297658862876,0.16820427430312554
0,480.9364548494983,0.2601546500460441
0,482.943143812709,0.06935120114049587
0,484.94983277591973,0.23372904866268246
0,486.95652173913044,0.12323153804504415
0,488.96321070234114,0.03202104215314716
0,490.96989966555185,0.14042756805340725
0,492.97658862876256,0.026324708564810263
0,494.98327759197326,0.0
0,496.98996655518397,0.15808369939403527
0,498.9966555183947,0.0
0,501.0033444816053,0.021146159962410073
0,503.01003344481603,0.10551090469419781
0,505.01672240802674,0.0145265346516383
0,507.02341137123744,0.13934680529758653
0,509.03010033444815,0.14683853259722945
0,511.03678929765886,0.0
0,513.0434782608695,0.12076392004656451
0,515.0501672240803,0.2852647371753024
0,517.056856187291,0.13815519166216522
0,519.0635451505017,0.0
0,521.0702341137123,0.0
0,523.0769230769231,0.04587998356095187
0,525.0836120401339,0.1311991710414928
0,527.0903010033445,0.0
0,529.0969899665552,0.03287019335596658
0,531.1036789297659,0.02318373625287095
0,533.1103678929766,0.013493695121282234
0,535.1170568561872,0.0
0,537.123745819398,0.0
0,539.1304347826087,0.01137009781724313
0,541.1371237458194,0.09445491154699653
0,543.14381270903,0.10061345563955931
0,545.1505016722408,0.15912509273884304
0,547.1571906354516,0.0
0,549.1638795986622,0.09271943803545557
0,551.1705685618729,0.007263148938779197
0,553.1772575250836,0.11270728580478069
0,555.1839464882944,0.18461985468978215
0,557.1906354515049,0.10272129953724796
0,559.1973244147157,0.0
0,561.2040133779265,0.0
0,563.2107023411371,0.0
0,565.2173913043478,0.09688791930752316
0,567.2240802675585,0.0
0,569.2307692307693,0.0
0,571.2374581939799,0.07995050403506995
0,573.2441471571906,0.0
0,575.2508361204013,0.0
0,577.2575250836121,0.09909541567056314
0,579.2642140468228,0.08870750256661636
0,581.2709030100334,0.20985392757229293
0,583.2775919732442,0.07397403105435449
0,585.2842809364548,0.0
0,587.2909698996655,0.0
0,589.2976588628762,0.054516473207166495
0,591.304347826087,0.02411194829899737
0,593.3110367892976,0.002390326413914519
0,595.3177257525083,0.0
0,597.3244147157191,0.0
0,599.3311036789298,0.0
0,601.3377926421405,0.037368410841253065
0,603.3444816053511,0.005165361024640339
0,605.3511705685619,0.0
0,607.3578595317726,0.12070909773384986
0,609.3645484949833,0.0
0,611.371237458194,0.1892890285612292
0,613.3779264214047,0.11952728524149668
0,615.3846153846154,0.19203277124101903
0,617.391304347826,0.0
0,619.3979933110368,0.33517985276890866
0,621.4046822742475,0.15201990350547234
0,623.4113712374582,0.0
0,625.4180602006688,0.0
0,627.4247491638796,0.014562150245231213
0,629.4314381270904,0.04600742169236347
0,631.438127090301,0.0
0,633.4448160535117,0.0
0,635.4515050167224,0.0
0,637.4581939799332,0.03699332771118397
0,639.4648829431438,0.09041325805727679
0,641.4715719063545,0.06410792721334421
0,643.4782608695652,0.11102425645848482
0,645.4849498327759,0.0
0,647.4916387959865,0.07306001295425696
0,649.4983277591973,0.0014624702045719362
0,651.5050167224081,0.18401669558290956
0,653.5117056856187,0.0956791476631631
0,655.5183946488294,0.0
0,657.5250836120401,0.0
0,659.5317725752509,0.1554168803373404
0,661.5384615384615,0.0
0,663.5451505016722,0.02917766160429135
0,665.551839464883,0.0
0,667.5585284280937,0.010404098296194417
0,669.5652173913044,0.08453835817481622
0,671.571906354515,0.1109300740769749
0,673.5785953177258,0.0
0,675.5852842809364,0.20289497590189937
0,677.5919732441471,0.0
0,679.5986622073578,0.0
0,681.6053511705686,0.05777642762010429
0,683.6120401337793,0.09518640377815304
0,685.6187290969899,0.10390964044056916
0,687.6254180602007,0.10604495270166948
0,689.6321070234114,0.21560500266651628
0,691.6387959866221,0.139677650999758
0,693.6454849498327,0.016958393689300355
0,695.6521739130435,0.0
0,697.6588628762543,0.0
0,699.6655518394648,0.0685403602929979
0,701.6722408026756,0.15838592567445753
0,703.6789297658863,0.19118526298919347
0,705.685618729097,0.09375753186431485
0,707.6923076923076,0.0
0,709.6989966555184,0.07208528122555298
0,711.7056856187291,0.011176921415647322
0,713.7123745819398,0.37623041817260433
0,715.7190635451504,0.0
0,717.7257525083612,0.13274710439343035
0,719.7324414715719,0.0
0,721.7391304347826,0.3045117066605621
0,723.7458193979933,0.00341746154757374
0,725.752508361204,0.0
0,727.7591973244147,0.02171879851399827
0,729.7658862876254,0.1837799240962037
0,731.7725752508361,0.0
0,733.7792642140469,0.10045555167069406
0,735.7859531772575,0.1998713686597895
0,737.7926421404683,0.11995092619562951
0,739.7993311036789,0.05440985388857755
0,741.8060200668897,0.05437444882617881
0,743.8127090301003,0.12149893337548054
0,745.819397993311,0.0010230125546700566
0,747.8260869565217,0.13299597497902121
0,749.8327759197324,0.08090717054349614
0,751.8394648829432,0.0
0,753.8461538461538,0.15018155268761865
0,755.8528428093646,0.0
0,757.8595317725752,0.17547296983970712
0,759.866220735786,0.034834309421919396
0,761.8729096989966,0.05096008940489474
0,763.8795986622074,0.17290400968799746
0,765.886287625418,0.01856875995020433
0,767.8929765886288,0.04967823190126115
0,769.8996655518395,0.0
0,771.9063545150501,0.004964803195438794
0,773.9130434782609,0.36957916732798474
0,775.9197324414715,0.009780227581950872
0,777.9264214046823,0.12285707428318283
0,779.9331103678929,0.22799438187207427
0,781.9397993311037,0.0
0,783.9464882943143,0.18697910480390373
0,785.9531772575251,0.0
0,787.9598662207358,0.029059084446540644
0,789.9665551839465,0.26285325125316544
0,791.9732441471572,0.16633852875945565
0,793.9799331103679,0.08695916122126407
0,795.9866220735786,0.04493270617547511
0,797.9933110367894,0.05264840104555996
0,800.0,0.08501036735210413
30,200.0,0.0
30,202.0066889632107,0.0
30,204.0133779264214,0.0015331166833397886
30,206.02006688963212,0.007796893458750481
30,208.0267558528428,0.190070023765712
30,210.0334448160535,0.08098019034748823
30,212.0401337792642,0.09052034722008975
30,214.04682274247492,0.054022824529690865
30,216.05351170568562,0.050505732222354875
30,218.06020066889633,0.0024141355247286195
30,220.06688963210703,0.0
30,222.0735785953177,0.0
30,224.08026755852842,0.01413236962162126
30,226.08695652173913,0.1894708643225809
30,228.09364548494983,0.05799714371426711
30,230.10033444816054,0.13649071465605056
30,232.10702341137124,0.11852469652229536
30,234.11371237458195,0.11174731708831334
30,236.12040133779266,0.028807686297775394
30,238.12709030100334,0.05334357795346467
30,240.13377926421404,0.13121139755874614
30,242.14046822742475,0.12469773944381982
30,244.14715719063545,0.10182899630683959
30,246.15384615384616,0.16961843914085134
30,248.16053511705684,0.2412437130904853
30,250.16722408026754,0.0
30,252.17391304347825,0.04748909767048368
30,254.18060200668896,0.1236387132246935
30,256.18729096989966,0.12803627709239312
30,258.19397993311037,0.04216434315226561
30,260.2006688963211,0.07177773877477868
30,262.2073578595318,0.0
30,264.2140468227425,0.09786032546758835
30,266.2207357859532,0.041897841432603375
30,268.2274247491639,0.0
30,270.23411371237455,0.1445189489764706
30,272.2408026755853,0.07486782632487665
30,274.24749163879596,0.08956196338643795
30,276.25418060200667,0.0730457447931406
30,278.2608695652174,0.0
30,280.2675585284281,0.04126369339216629
30,282.2742474916388,0.11195804784625042
30,284.2809364548495,0.0
30,286.2876254180602,0.1507499628849749
30,288.2943143812709,0.11221337301418295
30,290.3010033444816,0.1260094665398684
30,292.3076923076923,0.02792646174029316
30,294.314381270903,0.0
30,296.3210702341137,0.13970066970060338
30,298.32775919732444,0.07607540889104193
30,300.3344481605351,0.05216472208385634
30,302.34113712374585,0.0630473041077112
30,304.3478260869565,0.010750168752712647
30,306.3545150501672,0.0
30,308.3612040133779,0.1669414375653716
30,310.3678929765886,0.018130132372485994
30,312.3745819397993,0.026713539451792098
30,314.38127090301003,0.0
30,316.38795986622074,0.10118743283322937
30,318.39464882943145,0.05372504931021513
30,320.40133779264215,0.0
30,322.40802675585286,0.09030464135227777
30,324.41471571906357,0.015279944881071157
30,326.4214046822742,0.18993444837914875
30,328.428093645485,0.09824907752489163
30,330.4347826086956,0.12953012694230856
30,332.4414715719064,0.0
30,334.44816053511704,0.005529591146765878
30,336.45484949832775,0.025896131304195262
30,338.46153846153845,0.05940935544011327
30,340.46822742474916,0.02478401736605318
30,342.47491638795987,0.003292234768405247
30,344.4816053511706,0.10787156233894499
30,346.4882943143813,0.06924304941668243
30,348.494983277592,0.0
30,350.5016722408027,0.07528685081645856
30,352.50836120401334,0.13513776503798366
30,354.5150501672241,0.06669784379720076
30,356.52173913043475,0.07657582370952776
30,358.5284280936455,0.20064527395866205
30,360.53511705685617,0.030258477070922038
30,362.54180602006693,0.11594337876130516
30,364.5484949832776,0.06475838521095711
30,366.5551839464883,0.07452760446379463
30,368.561872909699,0.010934967196638654
30,370.5685618729097,0.14084052916063824
30,372.5752508361204,0.023201684697105804
30,374.5819397993311,0.033692230475751206
30,376.5886287625418,0.19458525100768642
30,378.59531772575247,0.1274488020737493
30,380.60200668896323,0.20238167396402335
30,382.6086956521739,0.13767305023536555
30,384.61538461538464,0.03580340175069305
30,386.6220735785953,0.0
30,388.62876254180605,0.20421468710415197
30,390.6354515050167,0.16184897952546412
30,392.6421404682274,0.14972540738577916
30,394.6488294314381,0.01009301280541125
30,396.6555183946488,0.1597188341539177
30,398.66220735785953,0.15473569871083645
30,400.66889632107024,0.07326059354927637
30,402.67558528428094,0.14962313556032397
30,404.68227424749165,0.1737468881100338
30,406.68896321070235,0.17639616784229495
30,408.695652173913,0.20356510788240345
30,410.70234113712377,0.11673744396142684
30,412.7090301003344,0.14122004031331956
30,414.7157190635452,0.20194814520513132
30,416.72240802675583,0.07682523755618059
30,418.7290969899666,0.1346267939804603
30,420.73578595317724,0.14943465713237206
30,422.74247491638795,0.13832820434929172
30,424.74916387959865,0.16706647501446253
30,426.75585284280936,0.10391346959917223
30,428.76254180602007,0.21893827133349322
30,430.7692307692308,0.2309448796256319
30,432.7759197324415,0.31960501749679027
30,434.7826086956522,0.18132631627530726
30,436.7892976588629,0.13950921162338625
30,438.79598662207354,0.18212719667479801
30,440.8026755852843,0.17706000253988313
30,442.80936454849495,0.29761592471276005
30,444.8160535117057,0.17475197589581298
30,446.82274247491637,0.2946741425884873
30,448.82943143812713,0.19655914198969307
30,450.8361204013378,0.24296534538821513
30,452.8428093645485,0.15101580354312324
30,454.8494983277592,0.14534450256890558
30,456.8561872909699,0.13732821021172606
30,458.8628762541806,0.21407249971741346
30,460.8695652173913,0.2091407482601235
30,462.876254180602,0.26569739383363855
30,464.8829431438127,0.2929013630880189
30,466.88963210702343,0.20637611801915298
30,468.89632107023414,0.24171006654675986
30,470.90301003344484,0.27647646691240857
30,472.9096989966555,0.27108586168224114
30,474.9163879598662,0.24430291457688558
30,476.9230769230769,0.22537864219596324
30,478.9297658862876,0.19080846942765667
30,480.9364548494983,0.30751884683973035
30,482.943143812709,0.27557688449608453
30,484.94983277591973,0.20651224312245905
30,486.95652173913044,0.2610733853742946
30,488.96321070234114,0.14773116042355575
30,490.96989966555185,0.1773104564163257
30,492.97658862876256,0.15828675709969245
30,494.98327759197326,0.11379892762496228
30,496.98996655518397,0.1311554076805585
30,498.9966555183947,0.12785598115419988
30,501.0033444816053,0.24041716182808268
30,503.01003344481603,0.16158037279481247
30,505.01672240802674,0.18692151865684117
30,507.02341137123744,0.16712459750590525
30,509.03010033444815,0.23096749415349788
30,511.03678929765886,0.32383614108123054
30,513.0434782608695,0.3277131105155584
30,515.0501672240803,0.31643258877272096
30,517.056856187291,0.10147223524856858
30,519.0635451505017,0.3519644078737124
30,521.0702341137123,0.19710522480268006
30,523.0769230769231,0.20096991775498174
30,525.0836120401339,0.15774563099449385
30,527.0903010033445,0.195900648216312
30,529.0969899665552,0.20634772633022827
30,531.1036789297659,0.22749248526236115
30,533.1103678929766,0.22128524490925888
30,535.1170568561872,0.2354415286765021
30,537.123745819398,0.19813342444632265
30,539.1304347826087,0.16365932415178305
30,541.1371237458194,0.16488774239827445
30,543.14381270903,0.07530461104979426
30,545.1505016722408,0.18588953033484243
30,547.1571906354516,0.22162930942033565
30,549.1638795986622,0.24420394932787298
30,551.1705685618729,0.19622505136311885
30,553.1772575250836,0.14136358864937865
30,555.1839464882944,0.2762686091505899
30,557.1906354515049,0.11283212124631106
30,559.1973244147157,0.12150933175587142
30,561.2040133779265,0.13511642876659
30,563.2107023411371,0.16289906648307684
30,565.2173913043478,0.19557229792107217
30,567.2240802675585,0.1594761343861857
30,569.2307692307693,0.21259759295140546
30,571.2374581939799,0.11616457713642739
30,573.2441471571906,0.10243465671274846
30,575.2508361204013,0.26179700581007026
30,577.2575250836121,0.10716263806071767
30,579.2642140468228,0.20798962349162453
30,581.2709030100334,0.04835953196559231
30,583.2775919732442,0.14264616598577287
30,585.2842809364548,0.03562352907966128
30,587.2909698996655,0.21981902345410834
30,589.2976588628762,0.1808001100049844
30,591.304347826087,0.03632626252360242
30,593.3110367892976,0.16935860572291062
30,595.3177257525083,0.0463201219188103
30,597.3244147157191,0.11226342203211448
30,599.3311036789298,0.04609676005083331
30,601.3377926421405,0.0
30,603.3444816053511,0.14752888274520953
30,605.3511705685619,0.17413142979126983
30,607.3578595317726,0.028308177580066
30,609.3645484949833,0.0
30,611.371237458194,0.08023858808122777
30,613.3779264214047,0.18649788577709364
30,615.3846153846154,0.0
30,617.391304347826,0.1997246915956461
30,619.3979933110368,0.11925760193331486
30,621.4046822742475,0.003909238791732425
30,623.4113712374582,0.14808958400339647
30,625.4180602006688,0.04754524222455451
30,627.4247491638796,0.08225313472770317
30,629.4314381270904,0.0
30,631.438127090301,0.21572761178980895
30,633.4448160535117,0.06183131161978321
30,635.4515050167224,0.14122305741645919
30,637.4581939799332,0.16657405005702375
30,639.4648829431438,0.18407183878619493
30,641.4715719063545,0.1157939797078962
30,643.4782608695652,0.0
30,645.4849498327759,0.1756789647223201
30,647.4916387959865,0.2124675357623732
30,649.4983277591973,0.0855757370217737
30,651.5050167224081,0.05091532357064092
30,653.5117056856187,0.07641303633062244
30,655.5183946488294,0.06923757452736606
30,657.5250836120401,0.13208590687930022
30,659.5317725752509,0.07042835759203459
30,661.5384615384615,0.13157511061960725
30,663.5451505016722,0.0
30,665.551839464883,0.013065570267757995
30,667.5585284280937,0.013998194507618154
30,669.5652173913044,0.07448170999690108
30,671.571906354515,0.01372594066207991
30,673.5785953177258,0.10582699411038535
30,675.5852842809364,0.10089354578976899
30,677.5919732441471,0.05492808265611557
30,679.5986622073578,0.24391614872502088
30,681.6053511705686,0.029724776007280213
30,683.6120401337793,0.07017861807674378
30,685.6187290969899,0.08041285216701331
30,687.6254180602007,0.024883124486211092
30,689.6321070234114,0.0
30,691.6387959866221,0.12208531385687801
30,693.6454849498327,0.0996849039582953
30,695.6521739130435,0.0
30,697.6588628762543,0.0
30,699.6655518394648,0.0
30,701.6722408026756,0.12564103533033916
30,703.6789297658863,0.023226755968582945
30,705.685618729097,0.08720087900599995
30,707.6923076923076,0.11167196064630519
30,709.6989966555184,0.0885593649841912
30,711.7056856187291,0.054292398755324094
30,713.7123745819398,0.13655736363249504
30,715.7190635451504,0.0037758536581202623
30,717.7257525083612,0.0
30,719.7324414715719,0.0215606510651564
30,721.7391304347826,0.070053113857593
30,723.7458193979933,0.0
30,725.752508361204,0.10924273806398194
30,727.7591973244147,0.0
30,729.7658862876254,0.0380778704985769
30,731.7725752508361,0.0
30,733.7792642140469,0.06324454683075705
30,735.7859531772575,0.1286494532219541
30,737.7926421404683,0.0
30,739.7993311036789,0.1547149799841471
30,741.8060200668897,0.17831195372810685
30,743.8127090301003,0.08282781790177257
30,745.819397993311,0.05530568584330968
30,747.8260869565217,0.0
30,749.8327759197324,0.009980506080794503
30,751.8394648829432,0.04879323850321764
30,753.8461538461538,0.07424747590288322
30,755.8528428093646,0.0
30,757.8595317725752,0.0
30,759.866220735786,0.08035038990966727
30,761.8729096989966,0.07341173987132055
30,763.8795986622074,0.07354951455906877
30,765.886287625418,0.046587954037524526
30,767.8929765886288,0.06083081549950776
30,769.8996655518395,0.0
30,771.9063545150501,0.03799278667407448
30,773.9130434782609,0.0
30,775.9197324414715,0.049816541706221774
30,777.9264214046823,0.07652138203825556
30,779.9331103678929,0.10483234125258202
30,781.9397993311037,0.0
30,783.9464882943143,0.0
30,785.9531772575251,0.017814730201200904
30,787.9598662207358,0.0
30,789.9665551839465,0.0
30,791.9732441471572,0.041362423321736334
30,793.9799331103679,0.054898031263212806
30,795.9866220735786,0.11500815177160612
30,797.9933110367894,0.015301681555948896
30,800.0,0.040684725693498194
60,200.0,0.0322181215075337
60,202.0066889632107,0.06802501535292485
60,204.0133779264214,0.07242392178473402
60,206.02006688963212,0.14753243651115647
60,208.0267558528428,0.06294802643289156
60,210.0334448160535,0.10613056099603374
60,212.0401337792642,0.027158806042595483
60,214.04682274247492,0.02438583048835964
60,216.05351170568562,0.03555374412918731
60,218.06020066889633,0.03283142166689749
60,220.06688963210703,0.04520792542712326
60,222.0735785953177,0.03300779341972038
60,224.08026755852842,0.06758785283222361
60,226.08695652173913,0.04634292833421269
60,228.09364548494983,0.0844689106089035
60,230.10033444816054,0.0679498561205155
60,232.10702341137124,0.1059285424884431
60,234.11371237458195,0.18700769939428813
60,236.12040133779266,0.0032060650222638307
60,238.12709030100334,0.0038188145239043056
60,240.13377926421404,0.14847452340110678
60,242.14046822742475,0.0
60,244.14715719063545,0.022336960667808603
60,246.15384615384616,0.004476438744102369
60,248.16053511705684,0.03008342161804973
60,250.16722408026754,0.12079689211662895
60,252.17391304347825,0.11638674805736882
60,254.18060200668896,0.16232750667661802
60,256.18729096989966,0.12940565279024416
60,258.19397993311037,0.041148883094291266
60,260.2006688963211,0.0
60,262.2073578595318,0.10287017866738488
60,264.2140468227425,0.009226436547246045
60,266.2207357859532,0.01464057092628563
60,268.2274247491639,0.029789494304892278
60,270.23411371237455,0.060923772641098016
60,272.2408026755853,0.07644105988362802
60,274.24749163879596,0.05166774964363136
60,276.25418060200667,0.0
60,278.2608695652174,0.021549448316242364
60,280.2675585284281,0.12372677303181992
60,282.2742474916388,0.08634028466909206
60,284.2809364548495,0.0599838926094896
60,286.2876254180602,0.0627019338965908
60,288.2943143812709,0.018306923380193373
60,290.3010033444816,0.1672199122770115
60,292.3076923076923,0.11712406346493356
60,294.314381270903,0.0
60,296.3210702341137,0.11261992959335293
60,298.32775919732444,0.15473069520408983
60,300.3344481605351,0.04542628745436107
60,302.34113712374585,0.10447896984933164
60,304.3478260869565,0.03265459091981185
60,306.3545150501672,0.11313475774479384
60,308.3612040133779,0.14115300682056856
60,310.3678929765886,0.08288634031079307
60,312.3745819397993,0.07682651869312448
60,314.38127090301003,0.0798497901022509
60,316.38795986622074,0.08097235800706507
60,318.39464882943145,0.07482831725873915
60,320.40133779264215,0.023617842149127558
60,322.40802675585286,0.05619741405521497
60,324.41471571906357,0.07253519384381026
60,326.4214046822742,0.0
60,328.428093645485,0.06599177078395746
60,330.4347826086956,0.12027184741051292
60,332.4414715719064,0.05413758557099811
60,334.44816053511704,0.09493791087294784
60,336.45484949832775,0.030495165579074807
60,338.46153846153845,0.0877851290791129
60,340.46822742474916,0.10378901781892795
60,342.47491638795987,0.07306625748571306
60,344.4816053511706,0.14604969259986703
60,346.4882943143813,0.1126777226208316
60,348.494983277592,0.06880616119787678
60,350.5016722408027,0.03567875739364813
60,352.50836120401334,0.04680285618924747
60,354.5150501672241,0.13886489440981464
60,356.52173913043475,0.1424180105740263
60,358.5284280936455,0.17397073793146448
60,360.53511705685617,0.18220031051387395
60,362.54180602006693,0.1961769182782269
60,364.5484949832776,0.15798269527679726
60,366.5551839464883,0.21668531703105468
60,368.561872909699,0.21283447055797688
60,370.5685618729097,0.1579993601041273
60,372.5752508361204,0.2336010768044835
60,374.5819397993311,0.13961893798292752
60,376.5886287625418,0.1258217073224855
60,378.59531772575247,0.09309736315799731
60,380.60200668896323,0.2153982442595358
60,382.6086956521739,0.24717614962613393
60,384.61538461538464,0.1326531164296951
60,386.6220735785953,0.1760788299727278
60,388.62876254180605,0.14274728896462363
60,390.6354515050167,0.20712155362871737
60,392.6421404682274,0.20375029833841726
60,394.6488294314381,0.18487944738632964
60,396.6555183946488,0.21651193242839348
60,398.66220735785953,0.222343447965556
60,400.66889632107024,0.23287244864728623
60,402.67558528428094,0.2220225898957804
60,404.68227424749165,0.25974135241417856
60,406.68896321070235,0.21951867091296973
60,408.695652173913,0.26352174527696615
60,410.70234113712377,0.20110324815141428
60,412.7090301003344,0.22152777317566022
60,414.7157190635452,0.1635456574647865
60,416.72240802675583,0.2854285968643684
60,418.7290969899666,0.323246050345322
60,420.73578595317724,0.3118564139370885
60,422.74247491638795,0.26332303539906393
60,424.74916387959865,0.22959066322020796
60,426.75585284280936,0.29764371261623657
60,428.76254180602007,0.21490703712100584
60,430.7692307692308,0.3887792622019021
60,432.7759197324415,0.3449565068739824
60,434.7826086956522,0.2285702122716185
60,436.7892976588629,0.37767550705322134
60,438.79598662207354,0.30953964781483884
60,440.8026755852843,0.36686611090802057
60,442.80936454849495,0.3742658692103986
60,444.8160535117057,0.36470362111995913
60,446.82274247491637,0.3371348161573392
60,448.82943143812713,0.3616894968172024
60,450.8361204013378,0.3297014323764289
60,452.8428093645485,0.4649911336534765
60,454.8494983277592,0.4141594481833153
60,456.8561872909699,0.32640025012536117
60,458.8628762541806,0.30735729824660984
60,460.8695652173913,0.4115372416353188
60,462.876254180602,0.40596111696453013
60,464.8829431438127,0.2996435370593295
60,466.88963210702343,0.33719007011826646
60,468.89632107023414,0.37150922004530373
60,470.90301003344484,0.36309942810057627
60,472.9096989966555,0.37907562730589694
60,474.9163879598662,0.3499289787996765
60,476.9230769230769,0.3269606136649087
60,478.9297658862876,0.32978244975922755
60,480.9364548494983,0.32058469788583416
60,482.943143812709,0.46641541357886535
60,484.94983277591973,0.42055997235689274
60,486.95652173913044,0.4154554883565209
60,488.96321070234114,0.41507976121250223
60,490.96989966555185,0.3669875090952036
60,492.97658862876256,0.41566786483918566
60,494.98327759197326,0.4104879305536157
60,496.98996655518397,0.3295538008553518
60,498.9966555183947,0.25277861977231053
60,501.0033444816053,0.39651123098825775
60,503.01003344481603,0.30680009802485925
60,505.01672240802674,0.4216245970816208
60,507.02341137123744,0.43489027666722224
60,509.03010033444815,0.34904070399109166
60,511.03678929765886,0.3979068257912521
60,513.0434782608695,0.4261854844319437
60,515.0501672240803,0.4669476527931655
60,517.056856187291,0.3373664366053948
60,519.0635451505017,0.24166533013554478
60,521.0702341137123,0.42833621366236824
60,523.0769230769231,0.286587674196618
60,525.0836120401339,0.3643280040637684
60,527.0903010033445,0.39553254405811145
60,529.0969899665552,0.37008039510469304
60,531.1036789297659,0.3391800322538247
60,533.1103678929766,0.35634613356428757
60,535.1170568561872,0.2525987312786252
60,537.123745819398,0.38121486651058256
60,539.1304347826087,0.39540536426103956
60,541.1371237458194,0.4109086130242562
60,543.14381270903,0.3048302667610263
60,545.1505016722408,0.3667608265265731
60,547.1571906354516,0.31556307935510425
60,549.1638795986622,0.28925374214625826
60,551.1705685618729,0.31409544950290313
60,553.1772575250836,0.29428860614204666
60,555.1839464882944,0.29119894488781395
60,557.1906354515049,0.2532296629374491
60,559.1973244147157,0.2927777580878347
60,561.2040133779265,0.35002359504988834
60,563.2107023411371,0.337119959405487
60,565.2173913043478,0.24561311891305485
60,567.2240802675585,0.21030939921536312
60,569.2307692307693,0.3534210468743018
60,571.2374581939799,0.12913811506629874
60,573.2441471571906,0.2877885244283758
60,575.2508361204013,0.2588644033348011
60,577.2575250836121,0.24880530382137403
60,579.2642140468228,0.24127554405310248
60,581.2709030100334,0.27888943337120053
60,583.2775919732442,0.20827510923291404
60,585.2842809364548,0.23840619409657957
60,587.2909698996655,0.2248258399856775
60,589.2976588628762,0.16983339110760104
60,591.304347826087,0.16719806560316086
60,593.3110367892976,0.1957740941777797
60,595.3177257525083,0.2608978783087921
60,597.3244147157191,0.2088321693622639
60,599.3311036789298,0.10659074146570241
60,601.3377926421405,0.2124469097883433
60,603.3444816053511,0.20350568048791218
60,605.3511705685619,0.18467027050122412
60,607.3578595317726,0.08999600099188587
60,609.3645484949833,0.15821492222750677
60,611.371237458194,0.2008132553967785
60,613.3779264214047,0.10489039910777356
60,615.3846153846154,0.11862101145352291
60,617.391304347826,0.07219967963468446
60,619.3979933110368,0.14590270901555602
60,621.4046822742475,0.08410384786259467
60,623.4113712374582,0.19409377575637102
60,625.4180602006688,0.15959737132780671
60,627.4247491638796,0.09173039118325743
60,629.4314381270904,0.019562453558044507
60,631.438127090301,0.1001055459433568
60,633.4448160535117,0.049731058304733844
60,635.4515050167224,0.21462289509066113
60,637.4581939799332,0.07235506473580511
60,639.4648829431438,0.09910748058567616
60,641.4715719063545,0.06913424611294189
60,643.4782608695652,0.12332362948114713
60,645.4849498327759,0.03693523738423111
60,647.4916387959865,0.07507073593798631
60,649.4983277591973,0.08434754224784037
60,651.5050167224081,0.09979974374478688
60,653.5117056856187,0.05448258289639157
60,655.5183946488294,0.028175690417439204
60,657.5250836120401,0.10062657331354577
60,659.5317725752509,0.12175128479713104
60,661.5384615384615,0.1210371178156304
60,663.5451505016722,0.05759589935841017
60,665.551839464883,0.0702621081936962
60,667.5585284280937,0.0
60,669.5652173913044,0.0018860605342968795
60,671.571906354515,0.20062210013015996
60,673.5785953177258,0.12749995321147944
60,675.5852842809364,0.05422968425318122
60,677.5919732441471,0.1259873666328588
60,679.5986622073578,0.0292382638909539
60,681.6053511705686,0.0
60,683.6120401337793,0.11598411154109317
60,685.6187290969899,0.008453650633441764
60,687.6254180602007,0.09526026074318414
60,689.6321070234114,0.11814099482475866
60,691.6387959866221,0.11524166639765177
60,693.6454849498327,0.029949921302561813
60,695.6521739130435,0.0384382290796479
60,697.6588628762543,0.029399804463927266
60,699.6655518394648,0.029873167466064637
60,701.6722408026756,0.10406257306961496
60,703.6789297658863,0.021465560465323726
60,705.685618729097,0.10315023738166215
60,707.6923076923076,0.07958436047473566
60,709.6989966555184,0.07941499380697849
60,711.7056856187291,0.03377058789196419
60,713.7123745819398,0.08165375090284209
60,715.7190635451504,0.08580178147125725
60,717.7257525083612,0.05624683870463946
60,719.7324414715719,0.0597310537927986
60,721.7391304347826,0.11524217800004877
60,723.7458193979933,0.05899096887416377
60,725.752508361204,0.0560294117428289
60,727.7591973244147,0.08876239826876212
60,729.7658862876254,0.04667248370486703
60,731.7725752508361,0.05442249469359076
60,733.7792642140469,0.07997264226229273
60,735.7859531772575,0.0
60,737.7926421404683,0.0730349661882165
60,739.7993311036789,0.05315696587905537
60,741.8060200668897,0.05714419223745992
60,743.8127090301003,0.061661385440414884
60,745.819397993311,0.052205933043994415
60,747.8260869565217,0.08540640660171217
60,749.8327759197324,0.026998583609356433
60,751.8394648829432,0.13280237052439814
60,753.8461538461538,0.05893109219716468
60,755.8528428093646,0.08983231233113494
60,757.8595317725752,0.03955904119710497
60,759.866220735786,0.16301192520534663
60,761.8729096989966,0.11180935333281963
60,763.8795986622074,0.07449348827267482
60,765.886287625418,0.09492049263073529
60,767.8929765886288,0.05277554416295056
60,769.8996655518395,0.13831373636497485
60,771.9063545150501,0.06941763839663047
60,773.9130434782609,0.09779145089044922
60,775.9197324414715,0.12921136477754214
60,777.9264214046823,0.02476203392968746
60,779.9331103678929,0.08986745100103471
60,781.9397993311037,0.1833738024555753
60,783.9464882943143,0.1076470277855501
60,785.9531772575251,0.08231902252837711
60,787.9598662207358,0.08527768526971637
60,789.9665551839465,0.08790410722215392
60,791.9732441471572,0.017087855331598595
60,793.9799331103679,0.20061028770424782
60,795.9866220735786,0.04611694161955564
60,797.9933110367894,0.1316402844100789
60,800.0,0.0
120,200.0,0.07911185876557726
120,202.0066889632107,0.05501958986832919
120,204.0133779264214,0.021090544786850268
120,206.02006688963212,0.026736107237953124
120,208.0267558528428,0.10916213010454287
120,210.0334448160535,0.043161887202946156
120,212.0401337792642,0.10238074603049879
120,214.04682274247492,0.05299191840646483
120,216.05351170568562,0.09339083707139662
120,218.06020066889633,0.048978720039204296
120,220.06688963210703,0.0824918167643747
120,222.0735785953177,0.07212764639995985
120,224.08026755852842,0.13573403517478438
120,226.08695652173913,0.090322659224832
120,228.09364548494983,0.10923812320960631
120,230.10033444816054,0.04273067749313031
120,232.10702341137124,0.0923653054790381
120,234.11371237458195,0.13191370734094993
120,236.12040133779266,0.10844399242315617
120,238.12709030100334,0.08874649509871169
120,240.13377926421404,0.09696909907866244
120,242.14046822742475,0.056184786201668564
120,244.14715719063545,0.026515397609851478
120,246.15384615384616,0.04250767896989974
120,248.16053511705684,0.07368128178614075
120,250.16722408026754,0.07002758716613561
120,252.17391304347825,0.0
120,254.18060200668896,0.060531350573583574
120,256.18729096989966,0.07559570112404046
120,258.19397993311037,0.08311365459751648
120,260.2006688963211,0.010173008940732968
120,262.2073578595318,0.044629945919871086
120,264.2140468227425,0.07070510083552803
120,266.2207357859532,0.010497951386314035
120,268.2274247491639,0.09820720817136373
120,270.23411371237455,0.06683598625814603
120,272.2408026755853,0.033270502408733145
120,274.24749163879596,0.14931259724186302
120,276.25418060200667,0.04041797713812463
120,278.2608695652174,0.08208133630527523
120,280.2675585284281,0.048571284439159784
120,282.2742474916388,0.06018647957550472
120,284.2809364548495,0.05881622461444468
120,286.2876254180602,0.028841549029516987
120,288.2943143812709,0.15405600701351224
120,290.3010033444816,0.08789575549614018
120,292.3076923076923,0.0794358945788047
120,294.314381270903,0.04602279611398703
120,296.3210702341137,0.05582522574349403
120,298.32775919732444,0.02096274470707564
120,300.3344481605351,0.02547992068528842
120,302.34113712374585,0.06565572970035659
120,304.3478260869565,0.08563234240312907
120,306.3545150501672,0.056509404729147714
120,308.3612040133779,0.09627157046247492
120,310.3678929765886,0.0308019473968014
120,312.3745819397993,0.06968491405057543
120,314.38127090301003,0.035190926068241125
120,316.38795986622074,0.06919183680462761
120,318.39464882943145,0.03535446402584646
120,320.40133779264215,0.12085674447348776
120,322.40802675585286,0.001667202956867772
120,324.41471571906357,0.0721165611161241
120,326.4214046822742,0.050145703879668185
120,328.428093645485,0.13585511291562963
120,330.4347826086956,0.10928566686623913
120,332.4414715719064,0.11215361575636269
120,334.44816053511704,0.08258900088999271
120,336.45484949832775,0.07858481652751498
120,338.46153846153845,0.15244579188279309
120,340.46822742474916,0.14520088992140415
120,342.47491638795987,0.09092077941166471
120,344.4816053511706,0.07410482548952864
120,346.4882943143813,0.09034809060926666
120,348.494983277592,0.13816652239542726
120,350.5016722408027,0.20492995807101005
120,352.50836120401334,0.154314258322256
120,354.5150501672241,0.1292065423676121
120,356.52173913043475,0.22435998026667947
120,358.5284280936455,0.11564152921534154
120,360.53511705685617,0.14242456945440338
120,362.54180602006693,0.12725114708690993
120,364.5484949832776,0.15683616123965805
120,366.5551839464883,0.14844283660470026
120,368.561872909699,0.1880311180357675
120,370.5685618729097,0.18663639727707007
120,372.5752508361204,0.2259180569488148
120,374.5819397993311,0.20303478060227256
120,376.5886287625418,0.17130193792059187
120,378.59531772575247,0.1524894102680262
120,380.60200668896323,0.18189955967898577
120,382.6086956521739,0.15701484750067732
120,384.61538461538464,0.25521584238037565
120,386.6220735785953,0.17476549106758632
120,388.62876254180605,0.13650819808275455
120,390.6354515050167,0.25855862501654914
120,392.6421404682274,0.2242449642350381
120,394.6488294314381,0.24530794303913397
120,396.6555183946488,0.25108746330960735
120,398.66220735785953,0.29947800789212903
120,400.66889632107024,0.30797414358837505
120,402.67558528428094,0.36365856883566333
120,404.68227424749165,0.33291541870860003
120,406.68896321070235,0.35028034892792126
120,408.695652173913,0.3711047510155905
120,410.70234113712377,0.4155619888568965
120,412.7090301003344,0.2799700494047852
120,414.7157190635452,0.3449565450106976
120,416.72240802675583,0.3383505122563427
120,418.7290969899666,0.3853606683136819
120,420.73578595317724,0.323696539766281
120,422.74247491638795,0.3204947025732571
120,424.74916387959865,0.35906646522989794
120,426.75585284280936,0.308871909381965
120,428.76254180602007,0.3776395795220945
120,430.7692307692308,0.4357369625414492
120,432.7759197324415,0.40279931862863927
120,434.7826086956522,0.4902505563970136
120,436.7892976588629,0.45251897845118044
120,438.79598662207354,0.4752042893712702
120,440.8026755852843,0.4560291964153577
120,442.80936454849495,0.4698741980596361
120,444.8160535117057,0.569370374984471
120,446.82274247491637,0.5559433107966969
120,448.82943143812713,0.53240878450817
120,450.8361204013378,0.4400581801062981
120,452.8428093645485,0.5299885390277194
120,454.8494983277592,0.4956271368420333
120,456.8561872909699,0.5448713400510369
120,458.8628762541806,0.5452957047958831
120,460.8695652173913,0.5653638408495789
120,462.876254180602,0.5849139884282799
120,464.8829431438127,0.6302757854244895
120,466.88963210702343,0.5170040460738682
120,468.89632107023414,0.5768735272437148
120,470.90301003344484,0.617098055889305
120,472.9096989966555,0.6898380051778024
120,474.9163879598662,0.6150580945984477
120,476.9230769230769,0.6291866703981
120,478.9297658862876,0.5648664277042917
120,480.9364548494983,0.6010807639418215
120,482.943143812709,0.6587728869751937
120,484.94983277591973,0.6754273444483703
120,486.95652173913044,0.6452661690341732
120,488.96321070234114,0.6582787604187057
120,490.96989966555185,0.6313530768839013
120,492.97658862876256,0.6184251860939906
120,494.98327759197326,0.65922373908631
120,496.98996655518397,0.6520280790369531
120,498.9966555183947,0.6506491731241274
120,501.0033444816053,0.6389361122157523
120,503.01003344481603,0.6552505169486703
120,505.01672240802674,0.607947209559299
120,507.02341137123744,0.6317105586552155
120,509.03010033444815,0.675935123278072
120,511.03678929765886,0.6539351600627002
120,513.0434782608695,0.628649148462971
120,515.0501672240803,0.6330893336414399
120,517.056856187291,0.5900216247694329
120,519.0635451505017,0.6257079647152325
120,521.0702341137123,0.6719147509239204
120,523.0769230769231,0.6721095093300274
120,525.0836120401339,0.6083714635304066
120,527.0903010033445,0.594801414793142
120,529.0969899665552,0.6114475410422138
120,531.1036789297659,0.642343938755098
120,533.1103678929766,0.5951779319921028
120,535.1170568561872,0.572432954082508
120,537.123745819398,0.5252439425286006
120,539.1304347826087,0.5591260483933898
120,541.1371237458194,0.5146376666571818
120,543.14381270903,0.5321016155960079
120,545.1505016722408,0.5234989521723851
120,547.1571906354516,0.5035228320156824
120,549.1638795986622,0.5009195691985501
120,551.1705685618729,0.5108615025519726
120,553.1772575250836,0.5111642901737031
120,555.1839464882944,0.5237377355726491
120,557.1906354515049,0.469262734949985
120,559.1973244147157,0.5042166282614187
120,561.2040133779265,0.3348574016845764
120,563.2107023411371,0.4258613928196398
120,565.2173913043478,0.4174158799454873
120,567.2240802675585,0.4430790745476042
120,569.2307692307693,0.4207867296287673
120,571.2374581939799,0.34508153299595995
120,573.2441471571906,0.36788494356153295
120,575.2508361204013,0.34721491167841984
120,577.2575250836121,0.33397236427188465
120,579.2642140468228,0.3765152589687271
120,581.2709030100334,0.355825689194831
120,583.2775919732442,0.3869685672719721
120,585.2842809364548,0.3753357953155285
120,587.2909698996655,0.3241248433573986
120,589.2976588628762,0.25403373749522873
120,591.304347826087,0.26843593193824195
120,593.3110367892976,0.30417451009585905
120,595.3177257525083,0.31444555564379606
120,597.3244147157191,0.23183285759085176
120,599.3311036789298,0.30719462423911675
120,601.3377926421405,0.3367364540160326
120,603.3444816053511,0.26668273873585857
120,605.3511705685619,0.25673650837356776
120,607.3578595317726,0.2443388174536601
120,609.3645484949833,0.21732289491585016
120,611.371237458194,0.22467570300920447
120,613.3779264214047,0.21789843676398016
120,615.3846153846154,0.15092286440818042
120,617.391304347826,0.17836430962103247
120,619.3979933110368,0.23345155010710977
120,621.4046822742475,0.18960280764134022
120,623.4113712374582,0.13059463115586453
120,625.4180602006688,0.10883357238353952
120,627.4247491638796,0.10615001593802667
120,629.4314381270904,0.23073945259483508
120,631.438127090301,0.19099028063248313
120,633.4448160535117,0.19786027496665912
120,635.4515050167224,0.16349538727518376
120,637.4581939799332,0.11114787345109484
120,639.4648829431438,0.17772278686462392
120,641.4715719063545,0.13697754382873792
120,643.4782608695652,0.20806214947034585
120,645.4849498327759,0.05733244494142363
120,647.4916387959865,0.11698817435001298
120,649.4983277591973,0.130647315056382
120,651.5050167224081,0.1392695985185067
120,653.5117056856187,0.10649764834124688
120,655.5183946488294,0.15044096401249482
120,657.5250836120401,0.1022116461576266
120,659.5317725752509,0.10984857874341523
120,661.5384615384615,0.07316042089166495
120,663.5451505016722,0.13782258800688588
120,665.551839464883,0.12840822192658186
120,667.5585284280937,0.06690122635257068
120,669.5652173913044,0.11631231743931877
120,671.571906354515,0.2074909489943953
120,673.5785953177258,0.15928021970269102
120,675.5852842809364,0.06105722001622026
120,677.5919732441471,0.10165311119325451
120,679.5986622073578,0.04309755630944142
120,681.6053511705686,0.06776316999703103
120,683.6120401337793,0.12616579039121942
120,685.6187290969899,0.03762401198518651
120,687.6254180602007,0.04985656227371792
120,689.6321070234114,0.09041053660020912
120,691.6387959866221,0.0059929596500402915
120,693.6454849498327,0.11486130576043274
120,695.6521739130435,0.04272705865608302
120,697.6588628762543,0.1177116552392442
120,699.6655518394648,0.10879884319841479
120,701.6722408026756,0.1324259460598288
120,703.6789297658863,0.08628979379948401
120,705.685618729097,0.17677319272327746
120,707.6923076923076,0.08176216740768409
120,709.6989966555184,0.03009938126219114
120,711.7056856187291,0.08005153040896112
120,713.7123745819398,0.007066174515214921
120,715.7190635451504,0.06008759636767927
120,717.7257525083612,0.0871459653625625
120,719.7324414715719,0.009858881331045698
120,721.7391304347826,0.08506741061303576
120,723.7458193979933,0.043959612890527446
120,725.752508361204,0.026975748809083155
120,727.7591973244147,0.12943634008607705
120,729.7658862876254,0.12994349231355326
120,731.7725752508361,0.0
120,733.7792642140469,0.060987298840110636
120,735.7859531772575,0.06725733433755339
120,737.7926421404683,0.03427004244219961
120,739.7993311036789,0.022530751640048426
120,741.8060200668897,0.07153279743904314
120,743.8127090301003,0.05422108228394859
120,745.819397993311,0.0
120,747.8260869565217,0.04847020369658889
120,749.8327759197324,0.07740318977227698
120,751.8394648829432,0.03366156050361579
120,753.8461538461538,0.036297855360515496
120,755.8528428093646,0.10302973010871261
120,757.8595317725752,0.056388977423834766
120,759.866220735786,0.07041664134888907
120,761.8729096989966,0.028668853515094385
120,763.8795986622074,0.05285498870750594
120,765.886287625418,0.09180805319414251
120,767.8929765886288,0.03237125190415276
120,769.8996655518395,0.08453587477760588
120,771.9063545150501,0.09218954401333646
120,773.9130434782609,0.03311190349490657
120,775.9197324414715,0.05572962496036993
120,777.9264214046823,0.08728409273726853
120,779.9331103678929,0.0
120,781.9397993311037,0.08027261423415467
120,783.9464882943143,0.13926366433985696
120,785.9531772575251,0.1354968109984307
120,787.9598662207358,0.08634360003788222
120,789.9665551839465,0.06309970303375549
120,791.9732441471572,0.09330338589148719
120,793.9799331103679,0.05151263404803054
120,795.9866220735786,0.10571900860330895
120,797.9933110367894,0.10784779301740555
120,800.0,0.048068192870514816
180,200.0,0.031519799237408976
180,202.0066889632107,0.04010957140579023
180,204.0133779264214,0.09558014453355682
180,206.02006688963212,0.06768390144977475
180,208.0267558528428,0.011250636508078532
180,210.0334448160535,0.05873407762039537
180,212.0401337792642,0.04264322076390637
180,214.04682274247492,0.08632497197224401
180,216.05351170568562,0.06729125518337847
180,218.06020066889633,0.045853925859051736
180,220.06688963210703,0.016765852948357425
180,222.0735785953177,0.0720705385772538
180,224.08026755852842,0.13240115217115023
180,226.08695652173913,0.08791936837553628
180,228.09364548494983,0.06256893095209182
180,230.10033444816054,0.057530224686554235
180,232.10702341137124,0.1083831663858401
180,234.11371237458195,0.1086285422826856
180,236.12040133779266,0.004625113712040774
180,238.12709030100334,0.10675802334109694
180,240.13377926421404,0.06984472803963612
180,242.14046822742475,0.09834334023234038
180,244.14715719063545,0.047105343172554014
180,246.15384615384616,0.07947054060516133
180,248.16053511705684,0.11818264978561105
180,250.16722408026754,0.09820089318380264
180,252.17391304347825,0.09418823013195643
180,254.18060200668896,0.08038824245879966
180,256.18729096989966,0.048171148216513644
180,258.19397993311037,0.10747283109559258
180,260.2006688963211,0.07470079130017021
180,262.2073578595318,0.10711808207988516
180,264.2140468227425,0.09445259962463212
180,266.2207357859532,0.05031376855305275
180,268.2274247491639,0.09178793372876336
180,270.23411371237455,0.04831569212769003
180,272.2408026755853,0.1118296784839131
180,274.24749163879596,0.035414226349118914
180,276.25418060200667,0.060673158501239347
180,278.2608695652174,0.07543171650698868
180,280.2675585284281,0.0381291237420158
180,282.2742474916388,0.09905422232769205
180,284.2809364548495,0.09006423867614366
180,286.2876254180602,0.053302769224077916
180,288.2943143812709,0.0055227495403843835
180,290.3010033444816,0.08774764182291003
180,292.3076923076923,0.08805619405690399
180,294.314381270903,0.06968407015423826
180,296.3210702341137,0.0936050102053734
180,298.32775919732444,0.08956746011100557
180,300.3344481605351,0.056633908053039396
180,302.34113712374585,0.1065189500103978
180,304.3478260869565,0.05191636495452373
180,306.3545150501672,0.0719849061111301
180,308.3612040133779,0.05628522089597472
180,310.3678929765886,0.12469323304747137
180,312.3745819397993,0.07881984537467737
180,314.38127090301003,0.09794900655668386
180,316.38795986622074,0.10779891581343333
180,318.39464882943145,0.04533118700727231
180,320.40133779264215,0.11603708170440785
180,322.40802675585286,0.044441834726758236
180,324.41471571906357,0.1258681369269109
180,326.4214046822742,0.1040785410014822
180,328.428093645485,0.10669725404602634
180,330.4347826086956,0.04469668119646844
180,332.4414715719064,0.15577456830585326
180,334.44816053511704,0.09985209837351187
180,336.45484949832775,0.0996511379501607
180,338.46153846153845,0.16444955247978765
180,340.46822742474916,0.13594568340007906
180,342.47491638795987,0.0785930284384232
180,344.4816053511706,0.10791183468604819
180,346.4882943143813,0.13530344487948773
180,348.494983277592,0.10206667009959956
180,350.5016722408027,0.15058760041673824
180,352.50836120401334,0.08876795265519646
180,354.5150501672241,0.19168292147115945
180,356.52173913043475,0.14611156302575584
180,358.5284280936455,0.09266702864780609
180,360.53511705685617,0.1626954303635432
180,362.54180602006693,0.19130455391301074
180,364.5484949832776,0.20955940032215212
180,366.5551839464883,0.1733160651142819
180,368.561872909699,0.13379753217492396
180,370.5685618729097,0.22319917909207415
180,372.5752508361204,0.2590735863962127
180,374.5819397993311,0.19532821641799542
180,376.5886287625418,0.18304075928933025
180,378.59531772575247,0.16408290018869728
180,380.60200668896323,0.15766187397831102
180,382.6086956521739,0.24009809995743903
180,384.61538461538464,0.26561465961270353
180,386.6220735785953,0.22618673512013338
180,388.62876254180605,0.16989510051666368
180,390.6354515050167,0.21170204856789446
180,392.6421404682274,0.26249419002770835
180,394.6488294314381,0.2886084814230305
180,396.6555183946488,0.30254110971056736
180,398.66220735785953,0.2144681025377549
180,400.66889632107024,0.2696269819192251
180,402.67558528428094,0.28702167879893603
180,404.68227424749165,0.2657696255437635
180,406.68896321070235,0.3163796356995702
180,408.695652173913,0.3634393618897393
180,410.70234113712377,0.3580045250178114
180,412.7090301003344,0.3269791117918562
180,414.7157190635452,0.4485278262346995
180,416.72240802675583,0.3555867198390165
180,418.7290969899666,0.42502589582967454
180,420.73578595317724,0.3866013671425154
180,422.74247491638795,0.39117481880457633
180,424.74916387959865,0.4270694830682778
180,426.75585284280936,0.5052706946080661
180,428.76254180602007,0.4602646771568121
180,430.7692307692308,0.4894802396255809
180,432.7759197324415,0.534609836409212
180,434.7826086956522,0.5677230245026386
180,436.7892976588629,0.5450721384262232
180,438.79598662207354,0.5275075177287982
180,440.8026755852843,0.5592009274893637
180,442.80936454849495,0.5557097521898037
180,444.8160535117057,0.5785285928114543
180,446.82274247491637,0.5847364930560283
180,448.82943143812713,0.6508614278432585
180,450.8361204013378,0.6438406762483779
180,452.8428093645485,0.6381242234862132
180,454.8494983277592,0.6499654973998291
180,456.8561872909699,0.6460151634620105
180,458.8628762541806,0.7086876935512986
180,460.8695652173913,0.6325909100486757
180,462.876254180602,0.7432271952433988
180,464.8829431438127,0.6942129172218766
180,466.88963210702343,0.7543143580835098
180,468.89632107023414,0.7131929946229654
180,470.90301003344484,0.7366546280745603
180,472.9096989966555,0.7399270242251859
180,474.9163879598662,0.7502279519348941
180,476.9230769230769,0.7002383512223773
180,478.9297658862876,0.8283388033030392
180,480.9364548494983,0.8136928822279141
180,482.943143812709,0.8185673367617711
180,484.94983277591973,0.8579622482522791
180,486.95652173913044,0.8373201153539208
180,488.96321070234114,0.8479620233966321
180,490.96989966555185,0.8626615690318774
180,492.97658862876256,0.7529055016398245
180,494.98327759197326,0.8704092242501571
180,496.98996655518397,0.9111377474930636
180,498.9966555183947,0.8411433382534564
180,501.0033444816053,0.8404597548063458
180,503.01003344481603,0.8730648128112808
180,505.01672240802674,0.7981686849601697
180,507.02341137123744,0.8589005915770042
180,509.03010033444815,0.8866578099252395
180,511.03678929765886,0.8066024814614374
180,513.0434782608695,0.7635835375464887
180,515.0501672240803,0.8139094710284146
180,517.056856187291,0.8159515599329381
180,519.0635451505017,0.8211641247915477
180,521.0702341137123,0.87923956631685
180,523.0769230769231,0.8826631039859916
180,525.0836120401339,0.8025884625299045
180,527.0903010033445,0.7818262194308748
180,529.0969899665552,0.8253716018691708
180,531.1036789297659,0.8010929655065339
180,533.1103678929766,0.7636413817747159
180,535.1170568561872,0.7341436867019467
180,537.123745819398,0.7087647272346723
180,539.1304347826087,0.694804747597181
180,541.1371237458194,0.7063278689659526
180,543.14381270903,0.7538053401148674
180,545.1505016722408,0.7012643190296237
180,547.1571906354516,0.6984078798750041
180,549.1638795986622,0.6979304875359568
180,551.1705685618729,0.670365554740341
180,553.1772575250836,0.6331457058438478
180,555.1839464882944,0.6101358363721607
180,557.1906354515049,0.6477614454430022
180,559.1973244147157,0.6217872088333036
180,561.2040133779265,0.6407624447481072
180,563.2107023411371,0.5930129584667927
180,565.2173913043478,0.6144263320429848
180,567.2240802675585,0.5007596346695514
180,569.2307692307693,0.568689434611533
180,571.2374581939799,0.5913690873680536
180,573.2441471571906,0.5159239275133338
180,575.2508361204013,0.5362450733651888
180,577.2575250836121,0.43587355027293806
180,579.2642140468228,0.43494108290260974
180,581.2709030100334,0.453036519860646
180,583.2775919732442,0.5149236633828782
180,585.2842809364548,0.5334102574324321
180,587.2909698996655,0.4426956504370277
180,589.2976588628762,0.3745259578134438
180,591.304347826087,0.370896658517362
180,593.3110367892976,0.4280584493073837
180,595.3177257525083,0.36092980147091686
180,597.3244147157191,0.4014752669479252
180,599.3311036789298,0.35746997664116215
180,601.3377926421405,0.34788922777453085
180,603.3444816053511,0.32794691440411317
180,605.3511705685619,0.32886323231712317
180,607.3578595317726,0.3011485038786259
180,609.3645484949833,0.329922713505974
180,611.371237458194,0.32720794289221716
180,613.3779264214047,0.30177469970431114
180,615.3846153846154,0.1910901275938619
180,617.391304347826,0.1727406280030811
180,619.3979933110368,0.26656779847021367
180,621.4046822742475,0.19864354950585073
180,623.4113712374582,0.1836819982663413
180,625.4180602006688,0.25235466279752794
180,627.4247491638796,0.31148950003911013
180,629.4314381270904,0.19228293585150336
180,631.438127090301,0.24176038591089127
180,633.4448160535117,0.18086620882599616
180,635.4515050167224,0.23294707111170287
180,637.4581939799332,0.19996307811835612
180,639.4648829431438,0.17685951386098772
180,641.4715719063545,0.23168413841323515
180,643.4782608695652,0.08405879227326217
180,645.4849498327759,0.21829128189293182
180,647.4916387959865,0.18557594828154106
180,649.4983277591973,0.11020708692607935
180,651.5050167224081,0.13763919757798565
180,653.5117056856187,0.20013528346966558
180,655.5183946488294,0.16673502267360765
180,657.5250836120401,0.12958708216637263
180,659.5317725752509,0.12841066164915396
180,661.5384615384615,0.12483974814782627
180,663.5451505016722,0.13285063118611784
180,665.551839464883,0.13694160142232834
180,667.5585284280937,0.09375284667983315
180,669.5652173913044,0.0601288843844103
180,671.571906354515,0.17093064344766962
180,673.5785953177258,0.1137212707827264
180,675.5852842809364,0.0803669842004489
180,677.5919732441471,0.07478767455979357
180,679.5986622073578,0.06397490528055517
180,681.6053511705686,0.09324255960487822
180,683.6120401337793,0.10287041140353262
180,685.6187290969899,0.09862821879084174
180,687.6254180602007,0.07163102130535928
180,689.6321070234114,0.01839146177678609
180,691.6387959866221,0.08647574499211264
180,693.6454849498327,0.14317118265626352
180,695.6521739130435,0.03262286604012603
180,697.6588628762543,0.03486716513850248
180,699.6655518394648,0.0
180,701.6722408026756,0.018752570802384974
180,703.6789297658863,0.11803230812330859
180,705.685618729097,0.06829729723897922
180,707.6923076923076,0.0174832706904145
180,709.6989966555184,0.11798248871690944
180,711.7056856187291,0.13104643363925775
180,713.7123745819398,0.10945166744484935
180,715.7190635451504,0.1204600974509231
180,717.7257525083612,0.004794099439251243
180,719.7324414715719,0.027941132040142855
180,721.7391304347826,0.04951697430797991
180,723.7458193979933,0.026922863803179868
180,725.752508361204,0.0859691154500777
180,727.7591973244147,0.10185302627352497
180,729.7658862876254,0.06258749338687049
180,731.7725752508361,0.11609751603888589
180,733.7792642140469,0.025178404471536547
180,735.7859531772575,0.12567698433712543
180,737.7926421404683,0.06878922365443636
180,739.7993311036789,0.10728742697941489
180,741.8060200668897,0.07525420051074384
180,743.8127090301003,0.10858680525812109
180,745.819397993311,0.0510532921935437
180,747.8260869565217,0.016033441190707688
180,749.8327759197324,0.06538669467426099
180,751.8394648829432,0.11521618510025472
180,753.8461538461538,0.030298795163251388
180,755.8528428093646,0.10591228178860904
180,757.8595317725752,0.03970483340897659
180,759.866220735786,0.1567812775199325
180,761.8729096989966,0.07219862148551653
180,763.8795986622074,0.06257020581602196
180,765.886287625418,0.026206102757322554
180,767.8929765886288,0.04884620521797344
180,769.8996655518395,0.040468051191750065
180,771.9063545150501,0.0478747326985486
180,773.9130434782609,0.06103163872938852
180,775.9197324414715,0.08104328018004785
180,777.9264214046823,0.09789880000122735
180,779.9331103678929,0.10291791125490665
180,781.9397993311037,0.049343693225622154
180,783.9464882943143,0.11051969906733415
180,785.9531772575251,0.08494920077513132
180,787.9598662207358,0.15695203092708937
180,789.9665551839465,0.11708244182641246
180,791.9732441471572,0.09797484530210591
180,793.9799331103679,0.06123122893499413
180,795.9866220735786,0.09304081516902254
180,797.9933110367894,0.08940994970863116
180,800.0,0.027695149841768928
300,200.0,0.12323367469539903
300,202.0066889632107,0.10300274761587574
300,204.0133779264214,0.06228615102937693
300,206.02006688963212,0.07822326314613369
300,208.0267558528428,0.06780041218094332
300,210.0334448160535,0.04459080998537204
300,212.0401337792642,0.03494093652077521
300,214.04682274247492,0.11103191970089923
300,216.05351170568562,0.07434435234870608
300,218.06020066889633,0.09990431127592156
300,220.06688963210703,0.06236912847276764
300,222.0735785953177,0.1240024713548025
300,224.08026755852842,0.06427018044957755
300,226.08695652173913,0.11900361116066499
300,228.09364548494983,0.08403878409766248
300,230.10033444816054,0.11106363578233851
300,232.10702341137124,0.11321127114720789
300,234.11371237458195,0.06113238218409441
300,236.12040133779266,0.05169380648716002
300,238.12709030100334,0.09698341030095366
300,240.13377926421404,0.1199510783549006
300,242.14046822742475,0.1139235022309249
300,244.14715719063545,0.10389381262204103
300,246.15384615384616,0.1193850557333882
300,248.16053511705684,0.1184586715210949
300,250.16722408026754,0.11778971034842284
300,252.17391304347825,0.09294890307744426
300,254.18060200668896,0.13511252248505365
300,256.18729096989966,0.10119323905046154
300,258.19397993311037,0.06894876298856888
300,260.2006688963211,0.04673611233980495
300,262.2073578595318,0.06056795271544798
300,264.2140468227425,0.1437667995611819
300,266.2207357859532,0.06807467267093681
300,268.2274247491639,0.07218312144743506
300,270.23411371237455,0.04751801809937006
300,272.2408026755853,0.1598192382235572
300,274.24749163879596,0.09212895945018437
300,276.25418060200667,0.08288340602565766
300,278.2608695652174,0.12614787355583745
300,280.2675585284281,0.0814563709737359
300,282.2742474916388,0.06338247330044357
300,284.2809364548495,0.09008826791707754
300,286.2876254180602,0.09932911516707421
300,288.2943143812709,0.08702588546597556
300,290.3010033444816,0.16090035290129992
300,292.3076923076923,0.10424597288483803
300,294.314381270903,0.060520585656346784
300,296.3210702341137,0.06489648445528527
300,298.32775919732444,0.08233675251258098
300,300.3344481605351,0.08527145852762323
300,302.34113712374585,0.04907274991485563
300,304.3478260869565,0.11127813476842877
300,306.3545150501672,0.10309210182606023
300,308.3612040133779,0.10526450878784008
300,310.3678929765886,0.051171761449190625
300,312.3745819397993,0.09141777373009957
300,314.38127090301003,0.08954809788626758
300,316.38795986622074,0.09285700000552083
300,318.39464882943145,0.04197299515412858
300,320.40133779264215,0.05914757055414028
300,322.40802675585286,0.13542351681771353
300,324.41471571906357,0.07187696243446388
300,326.4214046822742,0.10110856702988161
300,328.428093645485,0.12404020623028991
300,330.4347826086956,0.14425276729208075
300,332.4414715719064,0.09718320386620388
300,334.44816053511704,0.009613572127265546
300,336.45484949832775,0.07395148871272098
300,338.46153846153845,0.05184433738768884
300,340.46822742474916,0.11089966141652044
300,342.47491638795987,0.09437134591927437
300,344.4816053511706,0.0821324933651133
300,346.4882943143813,0.08977065079173753
300,348.494983277592,0.1139897954378346
300,350.5016722408027,0.10610168570186672
300,352.50836120401334,0.13930107457115704
300,354.5150501672241,0.16385537815234122
300,356.52173913043475,0.12146459609834795
300,358.5284280936455,0.0680341654528614
300,360.53511705685617,0.10838202440547395
300,362.54180602006693,0.09039169953742471
300,364.5484949832776,0.11989471411066135
300,366.5551839464883,0.09791855423508548
300,368.561872909699,0.17038362700928703
300,370.5685618729097,0.11618204282844902
300,372.5752508361204,0.13384882672670229
300,374.5819397993311,0.11115097933183048
300,376.5886287625418,0.18557578130629773
300,378.59531772575247,0.15929385364808882
300,380.60200668896323,0.15860346033401806
300,382.6086956521739,0.15386603209110938
300,384.61538461538464,0.1601214179900281
300,386.6220735785953,0.1511142679547256
300,388.62876254180605,0.17935419819158988
300,390.6354515050167,0.16491484434197878
300,392.6421404682274,0.20780265272849116
300,394.6488294314381,0.2061584863292127
300,396.6555183946488,0.21943580982493213
300,398.66220735785953,0.2383749750940744
300,400.66889632107024,0.24003376139281168
300,402.67558528428094,0.2563758502275441
300,404.68227424749165,0.2323097017891828
300,406.68896321070235,0.27132831707738975
300,408.695652173913,0.2614304425055688
300,410.70234113712377,0.2745240165166619
300,412.7090301003344,0.3227110778975524
300,414.7157190635452,0.362044538080219
300,416.72240802675583,0.30049601573123086
300,418.7290969899666,0.3939440043208219
300,420.73578595317724,0.3774097800398389
300,422.74247491638795,0.3607009610046513
300,424.74916387959865,0.44360574520824525
300,426.75585284280936,0.4341169535194679
300,428.76254180602007,0.44691638908589315
300,430.7692307692308,0.4334388875392313
300,432.7759197324415,0.4319472736979355
300,434.7826086956522,0.4931228256409004
300,436.7892976588629,0.5859108884119608
300,438.79598662207354,0.5606532377048014
300,440.8026755852843,0.5471566466776218
300,442.80936454849495,0.5850041304997099
300,444.8160535117057,0.6215587115994499
300,446.82274247491637,0.6498720698565847
300,448.82943143812713,0.654180607000946
300,450.8361204013378,0.6848934455151425
300,452.8428093645485,0.6985093734717621
300,454.8494983277592,0.7064403623441565
300,456.8561872909699,0.7538250523521303
300,458.8628762541806,0.7478799004363498
300,460.8695652173913,0.7071656599472851
300,462.876254180602,0.7649265053990253
300,464.8829431438127,0.8477040465725021
300,466.88963210702343,0.789464015153196
300,468.89632107023414,0.871873446245445
300,470.90301003344484,0.9404013087164579
300,472.9096989966555,0.8743147702826736
300,474.9163879598662,0.91712394724257
300,476.9230769230769,0.9476404903095335
300,478.9297658862876,0.909803413685643
300,480.9364548494983,1.005910188348412
300,482.943143812709,1.0302184638135155
300,484.94983277591973,1.024818956734398
300,486.95652173913044,0.9977973070719701
300,488.96321070234114,1.0131505965910188
300,490.96989966555185,1.0613476608089545
300,492.97658862876256,1.0696451700103378
300,494.98327759197326,1.068594483368736
300,496.98996655518397,1.1114385366156356
300,498.9966555183947,1.0603853001900871
300,501.0033444816053,1.079530864674491
300,503.01003344481603,1.1277062213154314
300,505.01672240802674,1.1115477893382832
300,507.02341137123744,1.0983790750321318
300,509.03010033444815,1.1152988664212897
300,511.03678929765886,1.1099000791394684
300,513.0434782608695,1.0926212325856877
300,515.0501672240803,1.1312968784098205
300,517.056856187291,1.1399749956570866
300,519.0635451505017,1.1623939461794983
300,521.0702341137123,1.0972796727877214
300,523.0769230769231,1.1047406922046468
300,525.0836120401339,1.108376178807315
300,527.0903010033445,1.0763986905240583
300,529.0969899665552,1.1408449535190515
300,531.1036789297659,1.104384181925696
300,533.1103678929766,1.0904294761659505
300,535.1170568561872,1.1495151800546255
300,537.123745819398,1.108841196007971
300,539.1304347826087,1.087713378620121
300,541.1371237458194,1.0269530976010293
300,543.14381270903,0.9738836965721138
300,545.1505016722408,1.0278742040692894
300,547.1571906354516,1.0284063120321503
300,549.1638795986622,0.9737484450480459
300,551.1705685618729,0.9344992603002334
300,553.1772575250836,0.8839945168853158
300,555.1839464882944,0.8992030371736014
300,557.1906354515049,0.8765075215333613
300,559.1973244147157,0.8935334965790563
300,561.2040133779265,0.8531307650894274
300,563.2107023411371,0.8158057201911774
300,565.2173913043478,0.8495766485521395
300,567.2240802675585,0.7705849663057016
300,569.2307692307693,0.7563877547723368
300,571.2374581939799,0.7127423773448021
300,573.2441471571906,0.6920615575407463
300,575.2508361204013,0.7059025590672074
300,577.2575250836121,0.645064150955918
300,579.2642140468228,0.6375788944399801
300,581.2709030100334,0.5657380465886581
300,583.2775919732442,0.5991318553044708
300,585.2842809364548,0.6186863418393409
300,587.2909698996655,0.5707094172140226
300,589.2976588628762,0.5370017566161537
300,591.304347826087,0.5040775012707818
300,593.3110367892976,0.5485176206013236
300,595.3177257525083,0.48825798669943843
300,597.3244147157191,0.5132355391438558
300,599.3311036789298,0.44042943688933467
300,601.3377926421405,0.423167168493169
300,603.3444816053511,0.44103605362000364
300,605.3511705685619,0.4440394287992755
300,607.3578595317726,0.3671636896964041
300,609.3645484949833,0.39956079792457655
300,611.371237458194,0.33560991725475453
300,613.3779264214047,0.3174405884781595
300,615.3846153846154,0.3509337360462042
300,617.391304347826,0.33970390365573516
300,619.3979933110368,0.28948590828998283
300,621.4046822742475,0.224094485660164
300,623.4113712374582,0.25774773277460405
300,625.4180602006688,0.3044749545467216
300,627.4247491638796,0.258309802806741
300,629.4314381270904,0.232544459746281
300,631.438127090301,0.251658067985518
300,633.4448160535117,0.21504397849957024
300,635.4515050167224,0.21565742725547946
300,637.4581939799332,0.27243351543525235
300,639.4648829431438,0.15483471958318934
300,641.4715719063545,0.1992961627410622
300,643.4782608695652,0.19428652155649276
300,645.4849498327759,0.2103330211851884
300,647.4916387959865,0.16050861275173933
300,649.4983277591973,0.22136719259272056
300,651.5050167224081,0.18896970969725035
300,653.5117056856187,0.1621785215991013
300,655.5183946488294,0.1446279887592471
300,657.5250836120401,0.15595017123924726
300,659.5317725752509,0.06332062944255469
300,661.5384615384615,0.18586426683672297
300,663.5451505016722,0.07079737734936833
300,665.551839464883,0.12094934048980495
300,667.5585284280937,0.08678456790795006
300,669.5652173913044,0.15542849846197962
300,671.571906354515,0.0774836847498216
300,673.5785953177258,0.17452454920658986
300,675.5852842809364,0.11008168905265506
300,677.5919732441471,0.11514330006015717
300,679.5986622073578,0.12130200099519599
300,681.6053511705686,0.06354185185237482
300,683.6120401337793,0.0887214163891733
300,685.6187290969899,0.10456924126515317
300,687.6254180602007,0.08143829378294659
300,689.6321070234114,0.12532585623998863
300,691.6387959866221,0.10658703065376261
300,693.6454849498327,0.05589708842787179
300,695.6521739130435,0.09288620511497575
300,697.6588628762543,0.1443605192258035
300,699.6655518394648,0.11867865465736005
300,701.6722408026756,0.07013591910655519
300,703.6789297658863,0.09257207581639178
300,705.685618729097,0.03191349504342003
300,707.6923076923076,0.0836729043516258
300,709.6989966555184,0.055695446659202515
300,711.7056856187291,0.01665738398134113
300,713.7123745819398,0.09809685301043912
300,715.7190635451504,0.10446630875608764
300,717.7257525083612,0.062131177742956914
300,719.7324414715719,0.09351456870462344
300,721.7391304347826,0.10577641197364925
300,723.7458193979933,0.10873816141830653
300,725.752508361204,0.09426558796589789
300,727.7591973244147,0.09328736456246729
300,729.7658862876254,0.08439626846258978
300,731.7725752508361,0.12150369601144953
300,733.7792642140469,0.050315310458993456
300,735.7859531772575,0.060005819752024875
300,737.7926421404683,0.10906407622037508
300,739.7993311036789,0.05291413172384309
300,741.8060200668897,0.09471994534292422
300,743.8127090301003,0.0347389052579739
300,745.819397993311,0.07568024931151053
300,747.8260869565217,0.0926551104242278
300,749.8327759197324,0.0713206625452351
300,751.8394648829432,0.05767163669976886
300,753.8461538461538,0.05755022945544744
300,755.8528428093646,0.06713826947530949
300,757.8595317725752,0.07858532650092384
300,759.866220735786,0.06959510271587523
300,761.8729096989966,0.10219183410806307
300,763.8795986622074,0.14588558942225088
300,765.886287625418,0.09314371552000815
300,767.8929765886288,0.07244067804441753
300,769.8996655518395,0.11083600648510458
300,771.9063545150501,0.06315793077588513
300,773.9130434782609,0.07282546579878879
300,775.9197324414715,0.1156766882839099
300,777.9264214046823,0.09166770613664031
300,779.9331103678929,0.07856897972924867
300,781.9397993311037,0.11130491447946703
300,783.9464882943143,0.0826548317109365
300,785.9531772575251,0.07113320733807743
300,787.9598662207358,0.15232298072400632
300,789.9665551839465,0.09670157034318992
300,791.9732441471572,0.11846099745867086
300,793.9799331103679,0.09990950969581656
300,795.9866220735786,0.09265048006471992
300,797.9933110367894,0.10394220564956352
300,800.0,0.07170021641740468
600,200.0,0.1649614480228201
600,202.0066889632107,0.0689171757340982
600,204.0133779264214,0.043609200521823835
600,206.02006688963212,0.16667982896237288
600,208.0267558528428,0.11062481257675658
600,210.0334448160535,0.06797309202818788
600,212.0401337792642,0.12744343519418602
600,214.04682274247492,0.04623953152027119
600,216.05351170568562,0.1279407454086054
600,218.06020066889633,0.07536152442634525
600,220.06688963210703,0.1126784933298235
600,222.0735785953177,0.07456386851303215
600,224.08026755852842,0.11830385399813419
600,226.08695652173913,0.10230371402284225
600,228.09364548494983,0.09870876144387067
600,230.10033444816054,0.0401573412946486
600,232.10702341137124,0.12336607555316668
600,234.11371237458195,0.09943996098682863
600,236.12040133779266,0.08123231772274038
600,238.12709030100334,0.07028338083079172
600,240.13377926421404,0.10742674878183889
600,242.14046822742475,0.08784302777292938
600,244.14715719063545,0.08829718131064651
600,246.15384615384616,0.09757708331609644
600,248.16053511705684,0.07155527629216421
600,250.16722408026754,0.1481948833046238
600,252.17391304347825,0.06659085806315303
600,254.18060200668896,0.08527435448942607
600,256.18729096989966,0.08487907440279693
600,258.19397993311037,0.11038987006232619
600,260.2006688963211,0.10733917989513918
600,262.2073578595318,0.08263238385935508
600,264.2140468227425,0.05880776762201892
600,266.2207357859532,0.11704577692186739
600,268.2274247491639,0.07344321763287451
600,270.23411371237455,0.0969042196044716
600,272.2408026755853,0.11813506598878683
600,274.24749163879596,0.11104840798567465
600,276.25418060200667,0.08826458069113437
600,278.2608695652174,0.17052858361735765
600,280.2675585284281,0.09535277689870092
600,282.2742474916388,0.04804708088276994
600,284.2809364548495,0.09429374043484808
600,286.2876254180602,0.09977267856954974
600,288.2943143812709,0.08129716269628708
600,290.3010033444816,0.07877491872595953
600,292.3076923076923,0.10267943594498566
600,294.314381270903,0.10114797022356244
600,296.3210702341137,0.08893361891468997
600,298.32775919732444,0.11374954302497389
600,300.3344481605351,0.11310869652085409
600,302.34113712374585,0.12937682405575535
600,304.3478260869565,0.0991370609808185
600,306.3545150501672,0.017779587943328998
600,308.3612040133779,0.10874881403958916
600,310.3678929765886,0.1321190825695699
600,312.3745819397993,0.14995825073773472
600,314.38127090301003,0.05650576581677196
600,316.38795986622074,0.056695591160914355
600,318.39464882943145,0.08928944413877003
600,320.40133779264215,0.11382893083255238
600,322.40802675585286,0.0744743092664153
600,324.41471571906357,0.13291799451093217
600,326.4214046822742,0.12368872833621718
600,328.428093645485,0.14426302474284658
600,330.4347826086956,0.08508155500269866
600,332.4414715719064,0.12567877462547594
600,334.44816053511704,0.1379691220807181
600,336.45484949832775,0.04754593338272243
600,338.46153846153845,0.1761001455591253
600,340.46822742474916,0.13380806118116595
600,342.47491638795987,0.11844814527856716
600,344.4816053511706,0.059049341681951806
600,346.4882943143813,0.08848705305017235
600,348.494983277592,0.0379550931321334
600,350.5016722408027,0.04293716822555572
600,352.50836120401334,0.10626704272502283
600,354.5150501672241,0.04937139652547182
600,356.52173913043475,0.1207707819664324
600,358.5284280936455,0.10006842562274278
600,360.53511705685617,0.08202547521846076
600,362.54180602006693,0.09091846438956211
600,364.5484949832776,0.10590714110406485
600,366.5551839464883,0.15773529048553728
600,368.561872909699,0.10556696952174084
600,370.5685618729097,0.14869981723185155
600,372.5752508361204,0.09108257042772855
600,374.5819397993311,0.12799350424695694
600,376.5886287625418,0.1047757867596947
600,378.59531772575247,0.1618575321027007
600,380.60200668896323,0.08583974580597807
600,382.6086956521739,0.14327634294011107
600,384.61538461538464,0.14687482962426876
600,386.6220735785953,0.18802801434108998
600,388.62876254180605,0.13203946576717185
600,390.6354515050167,0.12363626188698071
600,392.6421404682274,0.12580717192375881
600,394.6488294314381,0.19504397633399684
600,396.6555183946488,0.20782940215218687
600,398.66220735785953,0.1777794485352961
600,400.66889632107024,0.1413281257118457
600,402.67558528428094,0.21813734842993512
600,404.68227424749165,0.19850050662492166
600,406.68896321070235,0.2260733648014124
600,408.695652173913,0.1956482331224554
600,410.70234113712377,0.27784956034316
600,412.7090301003344,0.19964390664593012
600,414.7157190635452,0.23296429433660984
600,416.72240802675583,0.3240825736372407
600,418.7290969899666,0.273060579831332
600,420.73578595317724,0.2824365189940876
600,422.74247491638795,0.27721133072579757
600,424.74916387959865,0.32135130487540087
600,426.75585284280936,0.32827779721112565
600,428.76254180602007,0.29491148247959065
600,430.7692307692308,0.3278187236543515
600,432.7759197324415,0.3741679191059876
600,434.7826086956522,0.42371191006107245
600,436.7892976588629,0.47301802201784965
600,438.79598662207354,0.4431779692112403
600,440.8026755852843,0.4500026815567286
600,442.80936454849495,0.4306986307147286
600,444.8160535117057,0.5062100317837359
600,446.82274247491637,0.5369686115720811
600,448.82943143812713,0.5862251433453334
600,450.8361204013378,0.5866349192123159
600,452.8428093645485,0.6373022896946863
600,454.8494983277592,0.6943979256528711
600,456.8561872909699,0.6774268695261665
600,458.8628762541806,0.6871080061241783
600,460.8695652173913,0.7165206703297088
600,462.876254180602,0.7498819491335104
600,464.8829431438127,0.8216176521245725
600,466.88963210702343,0.8292339136124203
600,468.89632107023414,0.8613685201870301
600,470.90301003344484,0.8965589168919446
600,472.9096989966555,0.9246806760671111
600,474.9163879598662,0.9826932924656171
600,476.9230769230769,0.9434295742686082
600,478.9297658862876,1.0620547173870696
600,480.9364548494983,1.0366481912625587
600,482.943143812709,1.1187769147518458
600,484.94983277591973,1.1180690703472558
600,486.95652173913044,1.173357496992146
600,488.96321070234114,1.1677588997625528
600,490.96989966555185,1.145186781587304
600,492.97658862876256,1.2069282225481157
600,494.98327759197326,1.2141923359683893
600,496.98996655518397,1.3037156070770144
600,498.9966555183947,1.2460125703740705
600,501.0033444816053,1.3521724277281992
600,503.01003344481603,1.3444411649193293
600,505.01672240802674,1.3428812768353813
600,507.02341137123744,1.3862482563046936
600,509.03010033444815,1.3624883261013
600,511.03678929765886,1.4068566911727314
600,513.0434782608695,1.3955667212754777
600,515.0501672240803,1.4110685259801379
600,517.056856187291,1.5154937039155507
600,519.0635451505017,1.4533333055044457
600,521.0702341137123,1.4702762268085776
600,523.0769230769231,1.3941540504599375
600,525.0836120401339,1.484472260203438
600,527.0903010033445,1.466509214106914
600,529.0969899665552,1.5275746685816387
600,531.1036789297659,1.421563251275649
600,533.1103678929766,1.3982943591583443
600,535.1170568561872,1.4099072345905648
600,537.123745819398,1.417292583465192
600,539.1304347826087,1.423381265186797
600,541.1371237458194,1.435011822975882
600,543.14381270903,1.4053362588726335
600,545.1505016722408,1.3747881754325295
600,547.1571906354516,1.2915860214806174
600,549.1638795986622,1.3619817626362258
600,551.1705685618729,1.2484704338050165
600,553.1772575250836,1.2963211089060536
600,555.1839464882944,1.2824326323730422
600,557.1906354515049,1.2212953204713004
600,559.1973244147157,1.2146284933492062
600,561.2040133779265,1.190359884525284
600,563.2107023411371,1.1324880786636298
600,565.2173913043478,1.0895998326717944
600,567.2240802675585,1.0555816048401896
600,569.2307692307693,1.0779042080644903
600,571.2374581939799,1.0294358569169915
600,573.2441471571906,0.9892804035783295
600,575.2508361204013,0.9750312035646329
600,577.2575250836121,0.9446113497878784
600,579.2642140468228,0.9120964565162705
600,581.2709030100334,0.8717702617657439
600,583.2775919732442,0.8559891804386566
600,585.2842809364548,0.8175510201845849
600,587.2909698996655,0.7956458565927884
600,589.2976588628762,0.7652749518344951
600,591.304347826087,0.7321753201275439
600,593.3110367892976,0.6950913792015396
600,595.3177257525083,0.6376313643879868
600,597.3244147157191,0.5995898727594343
600,599.3311036789298,0.6407728132907872
600,601.3377926421405,0.6038415140253733
600,603.3444816053511,0.5650330459467146
600,605.3511705685619,0.49307256423321355
600,607.3578595317726,0.5314321586942754
600,609.3645484949833,0.48445698516212204
600,611.371237458194,0.4886182255009614
600,613.3779264214047,0.4252380882474301
600,615.3846153846154,0.43279450082899257
600,617.391304347826,0.38331637057163026
600,619.3979933110368,0.40756781513633256
600,621.4046822742475,0.38648463484617124
600,623.4113712374582,0.3601185093327142
600,625.4180602006688,0.3355298224113603
600,627.4247491638796,0.3676902343034062
600,629.4314381270904,0.24960777743113027
600,631.438127090301,0.31227033733571874
600,633.4448160535117,0.20792720842727097
600,635.4515050167224,0.2510392735167816
600,637.4581939799332,0.263925605377459
600,639.4648829431438,0.17686228735242993
600,641.4715719063545,0.2341444254224867
600,643.4782608695652,0.2046806548534409
600,645.4849498327759,0.2005388421742718
600,647.4916387959865,0.23328817311794364
600,649.4983277591973,0.21588036265104135
600,651.5050167224081,0.1886175786855781
600,653.5117056856187,0.21123669544760593
600,655.5183946488294,0.17584387049601521
600,657.5250836120401,0.15473362008268585
600,659.5317725752509,0.11806618323153223
600,661.5384615384615,0.13676038150212685
600,663.5451505016722,0.12576773518129528
600,665.551839464883,0.14270680750569573
600,667.5585284280937,0.16863042941827783
600,669.5652173913044,0.1288859299349901
600,671.571906354515,0.17161494406589997
600,673.5785953177258,0.11872068154754095
600,675.5852842809364,0.12324395957469139
600,677.5919732441471,0.11144593706437689
600,679.5986622073578,0.06021922076331826
600,681.6053511705686,0.12142307113982916
600,683.6120401337793,0.13036185792850694
600,685.6187290969899,0.15023341382225014
600,687.6254180602007,0.1199889635258023
600,689.6321070234114,0.09538415365060111
600,691.6387959866221,0.09379998313546212
600,693.6454849498327,0.132937239179179
600,695.6521739130435,0.08530621176984948
600,697.6588628762543,0.10146380903798179
600,699.6655518394648,0.14796629833750996
600,701.6722408026756,0.07094044026312232
600,703.6789297658863,0.06546041145078786
600,705.685618729097,0.04534426270961027
600,707.6923076923076,0.055754199246003895
600,709.6989966555184,0.05896816756757235
600,711.7056856187291,0.023986479954372322
600,713.7123745819398,0.16507269687056508
600,715.7190635451504,0.16102341955560795
600,717.7257525083612,0.09886408065075825
600,719.7324414715719,0.1008438988947879
600,721.7391304347826,0.1428559528894631
600,723.7458193979933,0.0722968052505035
600,725.752508361204,0.05312438078728545
600,727.7591973244147,0.05636756206408725
600,729.7658862876254,0.043898551149250585
600,731.7725752508361,0.12164780799632864
600,733.7792642140469,0.12091513476433013
600,735.7859531772575,0.08022376507105074
600,737.7926421404683,0.09435711723959647
600,739.7993311036789,0.11620387164549278
600,741.8060200668897,0.10622454032047031
600,743.8127090301003,0.10247032163145575
600,745.819397993311,0.07676576580408068
600,747.8260869565217,0.13769896614686242
600,749.8327759197324,0.11198442335968362
600,751.8394648829432,0.10733021989997517
600,753.8461538461538,0.09684298185714085
600,755.8528428093646,0.1255236760323674
600,757.8595317725752,0.08091291244704021
600,759.866220735786,0.10509645850331308
600,761.8729096989966,0.0978800906179719
600,763.8795986622074,0.11639548482287705
600,765.886287625418,0.09571458823718586
600,767.8929765886288,0.05453851167788911
600,769.8996655518395,0.07070301420467606
600,771.9063545150501,0.15515072056855303
600,773.9130434782609,0.09988958861123133
600,775.9197324414715,0.07059589912426738
600,777.9264214046823,0.08943911624727773
600,779.9331103678929,0.07665389282311678
600,781.9397993311037,0.02892275902045352
600,783.9464882943143,0.08493547349721553
600,785.9531772575251,0.07045713067731174
600,787.9598662207358,0.09282684208656199
600,789.9665551839465,0.08196018584289143
600,791.9732441471572,0.11556999539372435
600,793.9799331103679,0.12739887316595913
600,795.9866220735786,0.11376808997025788
600,797.9933110367894,0.08321218316320811
600,800.0,0.09951121815171896
